Capture date;X;Y;Nr.;Sex;Release date;Site.code;Site;Traffic;Road verge;Direction;Species;Crossed road;Behaviour;Comments
43257;6586016;613290;1;M;43268;HL;Tosterön;H;L;E;C. arcania;0;3;
43257;6585982;613281;2;M;43268;HL;Tosterön;H;L;N;C. arcania;0;2;
43257;6585982;613281;3;M;43268;HL;Tosterön;H;L;N;C. arcania;0;2;
43257;6585982;613281;4;F;43268;HH;Aspö;H;H;N;C. arcania;0;2;
43257;6585487;613319;5;F;43268;HH;Aspö;H;H;W;C. arcania;1;1;
43257;6585487;613319;6;F;43268;HH;Aspö;H;H;W;C. arcania;1;1;
43257;6585487;613319;7;F;43268;HH;Aspö;H;H;W;C. arcania;1;1;
43257;6585487;613319;8;F;43268;HL;Tosterön;H;L;E;C. arcania;0;3;
43257;6585487;613319;9;M;43268;HL;Tosterön;H;L;N;C. arcania;0;2;
43257;6585487;613319;10;F;43268;HH;Aspö;H;H;N;C. arcania;0;2;
43257;6585487;613319;11;M;43268;HH;Aspö;H;H;N;C. arcania;0;2;
43257;6585487;613319;12;M;43268;HL;Tosterön;H;L;E;C. arcania;0;3;
43257;6585487;613319;13;F;43268;HL;Tosterön;H;L;W;C. arcania;1;1;
43257;6585487;613319;14;M;43268;HL;Tosterön;H;L;W;C. arcania;1;1;Dog när korsade
43257;6585487;613319;15;M;43268;HH;Aspö;H;H;W;C. arcania;1;1;
43257;6585487;613319;16;M;43268;HL;Tosterön;H;L;E;C. arcania;0;3;
43257;6585487;613319;17;F;43268;HL;Tosterön;H;L;E;C. arcania;0;3;
43257;6585487;613319;18;M;43268;HH;Aspö;H;H;S;C. arcania;0;2;
43257;6585487;613319;19;F;43268;HH;Aspö;H;H;N;C. arcania;0;2;
43257;6585487;613319;20;M;43267;HH;Aspö;H;H;S;C. arcania;0;2;
43270;6625345;664834;21;M;43271;LL;Åsbergby;L;L;S;C. arcania;0;2;
43270;6625345;664834;22;M;43271;LL;Åsbergby;L;L;E;C. arcania;0;3;
43270;6625345;664834;23;M;43271;LL;Åsbergby;L;L;W;C. arcania;1;1;
43270;6621599;666485;24;F;43271;LH;Veda;L;H;W;C. arcania;0;2;
43270;6621599;666485;25;M;43271;LH;Veda;L;H;W;C. arcania;0;2;
43270;6621599;666485;26;M;43271;LH;Veda;L;H;S;C. arcania;0;3;
43270;6621534;666470;27;F;43271;LH;Veda;L;H;E;C. arcania;0;2;
43275;6621536;666466;28;M;43275;LH;Veda;L;H;E;C. arcania;0;2;
43275;6621536;666466;29;F;43275;LH;Veda;L;H;E;C. arcania;0;2;
43275;6621536;666466;30;F;43275;LH;Veda;L;H;N;C. arcania;1;1;
43275;6621536;666466;31;M;43275;LH;Veda;L;H;N;C. arcania;1;1;
43275;6621313;665399;32;M;43275;LH;Veda;L;H;W;C. arcania;0;2;
43275;6620972;663796;33;F;43275;LH;Veda;L;H;E;C. arcania;0;2;
43275;6625235;664833;34;M;43275;LL;Åsbergby;L;L;W;C. arcania;1;1;
43275;6625517;665710;35;F;43275;LL;Åsbergby;L;L;N;C. arcania;0;2;
43275;6625517;665710;36;F;43275;LL;Åsbergby;L;L;E;C. arcania;0;3;
43275;6625517;665710;37;F;43275;LL;Åsbergby;L;L;N;C. arcania;0;2;
43278;6625517;665711;38;F;43278;HL;Tosterön;H;L;E;C. arcania;0;3;
43278;6625517;665711;39;F;43278;HL;Tosterön;H;L;E;C. arcania;0;3;
43278;6625517;665711;40;M;43278;HL;Tosterön;H;L;S;C. arcania;0;2;
43278;6625517;665711;41;F;43278;HL;Tosterön;H;L;W;C. arcania;1;1;
43278;6625517;665711;42;F;43278;HL;Tosterön;H;L;W;C. arcania;1;1;
43278;6625517;665711;43;M;43278;HL;Tosterön;H;L;N;C. arcania;0;2;
43278;6625517;665711;44;M;43278;HL;Tosterön;H;L;W;C. arcania;1;1;
43278;6620978;663794;45;F;43278;LL;Åsbergby;L;L;S;C. arcania;0;2;
43278;6620978;663794;46;M;43278;LL;Åsbergby;L;L;N;C. arcania;0;2;
43278;6620978;663794;47;M;43278;LL;Åsbergby;L;L;S;C. arcania;0;2;
43278;6620978;663794;48;F;43278;LL;Åsbergby;L;L;W;C. arcania;1;1;
43278;6620978;663794;49;M;43278;LL;Åsbergby;L;L;S;C. arcania;0;2;
43278;6620978;663794;50;F;43278;LL;Åsbergby;L;L;W;C. arcania;1;1;
43278;6620978;663794;51;M;43278;LL;Åsbergby;L;L;S;C. arcania;0;2;
43279;6620978;663794;52;M;43279;HL;Tosterön;H;L;N;C. arcania;0;2;
43279;6620978;663794;53;F;43279;HL;Tosterön;H;L;N;C. arcania;0;2;
43279;6620978;663794;54;F;43279;HL;Tosterön;H;L;E;C. arcania;0;3;
43279;6620978;663794;55;F;43279;HL;Tosterön;H;L;E;C. arcania;0;3;
43279;6620978;663794;56;M;43279;HL;Tosterön;H;L;E;C. arcania;0;3;
43279;6620978;663794;57;M;43279;HL;Tosterön;H;L;W;C. arcania;1;1;
43282;6585461;613324;59;F;43282;HH;Aspö;H;H;S;C. arcania;0;2;
43282;6585461;613324;60;F;43282;HL;Tosterön;H;L;S;C. arcania;0;2;
43282;6585461;613324;61;M;43282;HH;Aspö;H;H;N;C. arcania;0;2;
43282;6585461;613324;62;F;43282;HL;Tosterön;H;L;S;C. arcania;0;2;
43282;6585461;613324;63;F;43282;HL;Tosterön;H;L;W;C. arcania;1;1;
43282;6585461;613324;64;M;43282;HL;Tosterön;H;L;E;C. arcania;0;3;
43282;6585461;613324;65;M;43282;HL;Tosterön;H;L;W;C. arcania;1;1;
43282;6585461;613324;66;M;43282;HL;Tosterön;H;L;W;C. arcania;1;1;
43282;6585461;613324;67;M;43282;HL;Tosterön;H;L;W;C. arcania;1;1;
43282;6585461;613324;68;F;43282;HH;Aspö;H;H;S;C. arcania;0;2;
43282;6585461;613324;69;F;43282;HH;Aspö;H;H;E;C. arcania;0;3;
43282;6585461;613324;70;F;43282;HH;Aspö;H;H;S;C. arcania;0;2;
43282;6585461;613324;71;F;43282;HL;Tosterön;H;L;E;C. arcania;0;3;
43282;6585461;613324;72;F;43282;HL;Tosterön;H;L;N;C. arcania;0;2;
43282;6585461;613324;73;F;43282;HH;Aspö;H;H;E;C. arcania;0;3;
43282;6585461;613324;74;F;43282;HH;Aspö;H;H;E;C. arcania;0;3;
43282;6585461;613324;75;M;43282;HH;Aspö;H;H;S;C. arcania;0;2;
43282;6585461;613324;76;F;43282;HH;Aspö;H;H;S;C. arcania;0;2;
43282;6585461;613324;77;M;43282;HH;Aspö;H;H;N;C. arcania;0;2;
43282;6585461;613324;78;F;43282;HL;Tosterön;H;L;S;C. arcania;0;2;
43283;6601303;613585;79;F;43284;HL;Tosterön;H;L;E;C. arcania;0;3;
43283;6601303;613585;80;M;43284;HH;Aspö;H;H;S;C. arcania;0;2;
43283;6601303;613585;81;F;43284;HH;Aspö;H;H;N;C. arcania;0;2;
43285;6621419;666936;82;M;43285;LH;Veda;L;H;W;C. arcania;0;2;
43285;6621419;666936;83;F;43285;LL;Åsbergby;L;L;E;C. arcania;0;3;
43283;6585461;613324;84;F;43284;HH;Aspö;H;H;N;C. arcania;0;2;
43283;6585461;613324;85;M;43284;HL;Tosterön;H;L;N;C. arcania;0;2;
43283;6585461;613324;86;F;43284;HH;Aspö;H;H;S;C. arcania;0;2;
43283;6585461;613324;87;F;43284;HL;Tosterön;H;L;W;C. arcania;1;1;
43283;6585461;613324;88;F;43284;HL;Tosterön;H;L;W;C. arcania;1;1;
43283;6585461;613324;89;M;43284;HL;Tosterön;H;L;E;C. arcania;0;3;
43283;6585461;613324;90;F;43284;HH;Aspö;H;H;S;C. arcania;0;2;
43283;6585461;613324;91;M;43284;HL;Tosterön;H;L;N;C. arcania;0;2;
43283;6585461;613324;92;F;43284;HH;Aspö;H;H;E;C. arcania;0;3;
43285;6621419;666936;93;F;43285;LH;Veda;L;H;N;C. arcania;1;1;
43285;6621419;666936;94;F;43285;LH;Veda;L;H;W;C. arcania;0;2;
43285;6621419;666936;95;F;43285;LL;Åsbergby;L;L;E;C. arcania;0;3;
43285;6621419;666936;96;M;43285;LH;Veda;L;H;W;C. arcania;0;2;
43285;6621419;666936;97;F;43285;LH;Veda;L;H;W;C. arcania;0;2;
43285;6621419;666936;98;M;43285;LL;Åsbergby;L;L;E;C. arcania;0;3;
43285;6621419;666936;99;F;43285;LL;Åsbergby;L;L;S;C. arcania;0;2;
43285;6621419;666936;100;M;43285;LL;Åsbergby;L;L;E;C. arcania;0;3;
43285;6621419;666936;101;F;43285;LH;Veda;L;H;N;C. arcania;1;1;
43285;6621419;666936;102;F;43285;LL;Åsbergby;L;L;E;C. arcania;0;3;
43287;6585477;613314;103;M;43287;HL;Tosterön;H;L;N;C. arcania;0;2;
43287;6585477;613314;104;M;43287;HH;Aspö;H;H;S;C. arcania;0;2;
43289;6585477;613314;105;M;43289;HL;Tosterön;H;L;N;C. arcania;0;2;
43289;6585477;613314;106;M;43289;HH;Aspö;H;H;N;C. arcania;0;2;
43292;6585477;613314;107;F;43292;HL;Tosterön;H;L;S;C. arcania;0;2;
43292;6585477;613314;108;F;43292;HH;Aspö;H;H;S;C. arcania;0;2;
43270;6625345;664834;201;M;43271;LL;Åsbergby;L;L;W;C. arcania;1;1;
43270;6625345;664834;202;M;43271;LL;Åsbergby;L;L;S;C. arcania;0;2;
43270;6625345;664834;203;M;43271;LL;Åsbergby;L;L;E;C. arcania;0;3;
43270;6625345;664834;204;M;43271;LL;Åsbergby;L;L;N;C. arcania;0;2;
43270;6625345;664834;205;M;43271;LL;Åsbergby;L;L;S;C. arcania;0;2;
43270;6625345;664834;206;M;43271;LL;Åsbergby;L;L;N;C. arcania;0;2;
43270;6625345;664834;207;F;43271;LL;Åsbergby;L;L;S;C. arcania;0;2;
43270;6621599;666485;208;M;43271;LH;Veda;L;H;E;C. arcania;0;2;
43270;6621599;666485;209;F;43271;LH;Veda;L;H;E;C. arcania;0;2;
43270;6621599;666485;210;F;43271;LH;Veda;L;H;N;C. arcania;1;1;
43270;6621534;666470;211;F;43271;LH;Veda;L;H;N;C. arcania;1;1;
43270;6621534;666470;212;F;43271;LH;Veda;L;H;E;C. arcania;0;2;
43270;6621534;666470;213;F;43271;LH;Veda;L;H;E;C. arcania;0;2;
43275;6621313;665399;214;M;43275;LH;Veda;L;H;E;C. arcania;0;2;
43275;6620972;663796;215;M;43275;LH;Veda;L;H;E;C. arcania;0;2;
43275;6620972;663796;216;F;43275;LH;Veda;L;H;N;C. arcania;1;1;
43275;6620972;663796;217;M;43275;LH;Veda;L;H;E;C. arcania;0;2;
43275;6625235;664833;218;M;43275;LL;Åsbergby;L;L;W;C. arcania;1;1;
43275;6625235;664833;219;M;43275;LL;Åsbergby;L;L;W;C. arcania;1;1;
43275;6625235;664833;220;M;43275;LL;Åsbergby;L;L;N;C. arcania;0;2;
43275;6625517;665710;221;F;43275;LL;Åsbergby;L;L;W;C. arcania;1;1;
43275;6625517;665710;222;M;43275;LL;Åsbergby;L;L;E;C. arcania;0;3;
43275;6625517;665710;223;M;43275;LL;Åsbergby;L;L;E;C. arcania;0;3;
43278;6625517;665711;224;M;43278;HH;Aspö;H;H;S;C. arcania;0;2;
43278;6625517;665711;225;M;43278;HH;Aspö;H;H;S;C. arcania;0;2;
43278;6625517;665711;226;F;43278;HH;Aspö;H;H;W;C. arcania;1;1;
43278;6625517;665711;227;M;43278;HH;Aspö;H;H;W;C. arcania;1;1;
43278;6625517;665711;228;M;43278;HH;Aspö;H;H;S;C. arcania;0;2;
43278;6625517;665711;229;M;43278;HH;Aspö;H;H;N;C. arcania;0;2;
43278;6625517;665711;230;M;43278;HL;Tosterön;H;L;W;C. arcania;1;1;
43278;6625517;665711;231;F;43278;HH;Aspö;H;H;S;C. arcania;0;2;
43278;6625517;665711;232;M;43278;HH;Aspö;H;H;N;C. arcania;0;2;
43278;6625517;665711;233;F;43278;HH;Aspö;H;H;N;C. arcania;0;2;
43278;6625517;665711;234;F;43278;HL;Tosterön;H;L;W;C. arcania;1;1;
43278;6596844;613624;235;F;43278;HH;Aspö;H;H;N;C. arcania;0;2;
43278;6625517;665711;236;F;43278;HL;Tosterön;H;L;S;C. arcania;0;2;
43278;6596845;613621;237;F;43278;LH;Veda;L;H;W;C. arcania;0;2;
43278;6596845;613621;238;F;43278;LH;Veda;L;H;N;C. arcania;1;1;
43278;6596845;613621;239;F;43278;LH;Veda;L;H;W;C. arcania;0;2;
43278;6596845;613621;240;M;43278;LH;Veda;L;H;S;C. arcania;0;3;
43278;6596845;613621;241;M;43278;LH;Veda;L;H;W;C. arcania;0;2;
43278;6596845;613621;242;M;43278;LH;Veda;L;H;S;C. arcania;0;3;
43278;6596845;613621;243;M;43278;LH;Veda;L;H;W;C. arcania;0;2;
43278;6596845;613621;244;M;43278;LH;Veda;L;H;W;C. arcania;0;2;
43278;6596845;613621;245;F;43278;LH;Veda;L;H;S;C. arcania;0;3;
43278;6596845;613621;246;F;43278;LH;Veda;L;H;S;C. arcania;0;3;
43279;6601375;613624;247;M;43279;HL;Tosterön;H;L;W;C. arcania;1;1;
43279;6601375;613624;248;M;43279;HH;Aspö;H;H;N;C. arcania;0;2;
43279;6601602;613525;249;M;43279;HL;Tosterön;H;L;S;C. arcania;0;2;
43279;6601602;613525;250;M;43279;HH;Aspö;H;H;W;C. arcania;1;1;
43279;6601602;613525;251;M;43279;HH;Aspö;H;H;N;C. arcania;0;2;
43279;6601602;613525;252;M;43279;HH;Aspö;H;H;S;C. arcania;0;2;
43279;6601602;613525;253;M;43279;HH;Aspö;H;H;N;C. arcania;0;2;
43279;6601602;613525;254;M;43279;HH;Aspö;H;H;S;C. arcania;0;2;
43279;6601602;613525;255;M;43279;HH;Aspö;H;H;N;C. arcania;0;2;
43279;6601602;613525;256;M;43279;HH;Aspö;H;H;N;C. arcania;0;2;
43279;6601602;613525;257;M;43279;HH;Aspö;H;H;W;C. arcania;1;1;
43279;6601602;613525;258;F;43279;HL;Tosterön;H;L;W;C. arcania;1;1;Möjligt död
43279;6601602;613525;259;F;43279;HH;Aspö;H;H;S;C. arcania;0;2;
43282;6625179;664854;260;F;43283;LL;Åsbergby;L;L;S;C. arcania;0;2;
43282;6625179;664854;261;F;43283;LL;Åsbergby;L;L;N;C. arcania;0;2;
43282;6625179;664854;262;M;43283;LL;Åsbergby;L;L;N;C. arcania;0;2;
43282;6625179;664854;263;F;43283;LL;Åsbergby;L;L;S;C. arcania;0;2;
43282;6625433;665794;264;F;43283;LL;Åsbergby;L;L;N;C. arcania;0;2;
43282;6625065;666016;265;F;43283;LL;Åsbergby;L;L;E;C. arcania;0;3;
43282;6625065;666016;266;F;43283;LL;Åsbergby;L;L;E;C. arcania;0;3;
43282;6626248;666288;267;F;43283;LL;Åsbergby;L;L;E;C. arcania;0;3;
43282;6626248;666288;268;F;43283;LL;Åsbergby;L;L;E;C. arcania;0;3;
43282;6626248;666288;269;F;43283;LL;Åsbergby;L;L;N;C. arcania;0;2;
43283;6621443;666935;270;F;43283;LL;Åsbergby;L;L;W;C. arcania;1;1;
43283;6621443;666935;271;M;43283;LH;Veda;L;H;W;C. arcania;0;2;
43283;6621443;666935;272;M;43283;LH;Veda;L;H;E;C. arcania;0;2;
43283;6621443;666935;273;F;43283;LL;Åsbergby;L;L;W;C. arcania;1;1;
43283;6621443;666935;274;F;43283;LH;Veda;L;H;W;C. arcania;0;2;
43283;6621443;666935;275;M;43283;LH;Veda;L;H;N;C. arcania;1;1;
43283;6621443;666935;276;M;43283;LH;Veda;L;H;W;C. arcania;0;2;
43283;6621443;666935;277;F;43283;LH;Veda;L;H;W;C. arcania;0;2;
43283;6621443;666935;278;M;43283;LH;Veda;L;H;W;C. arcania;0;2;
43283;6621443;666935;279;F;43283;LH;Veda;L;H;N;C. arcania;1;1;
43283;6621374;666926;280;M;43283;LL;Åsbergby;L;L;S;C. arcania;0;2;
43283;6621374;666926;281;F;43283;LH;Veda;L;H;W;C. arcania;0;2;
43283;6621374;666926;282;F;43283;LH;Veda;L;H;W;C. arcania;0;2;
43285;6601281;613632;283;M;43285;HH;Aspö;H;H;S;C. arcania;0;2;
43285;6601281;613632;284;F;43285;HH;Aspö;H;H;S;C. arcania;0;2;
43285;6601281;613632;285;F;43285;HH;Aspö;H;H;E;C. arcania;0;3;
43285;6601281;613632;286;M;43285;HH;Aspö;H;H;S;C. arcania;0;2;
43285;6601281;613632;287;F;43285;HH;Aspö;H;H;S;C. arcania;0;2;
43285;6601281;613632;288;F;43285;HH;Aspö;H;H;S;C. arcania;0;2;
43285;6601281;613632;289;F;43285;HH;Aspö;H;H;W;C. arcania;1;1;
43285;6601345;613748;290;M;43285;HH;Aspö;H;H;S;C. arcania;0;2;
43285;6601345;613748;291;F;43285;HH;Aspö;H;H;S;C. arcania;0;2;
43285;6601345;613748;292;M;43285;HH;Aspö;H;H;N;C. arcania;0;2;
43286;6585953;613163;293;M;43286;HL;Tosterön;H;L;E;C. arcania;0;3;
43286;6585953;613163;294;M;43286;HL;Tosterön;H;L;W;C. arcania;1;1;
43286;6585953;613163;295;F;43286;HL;Tosterön;H;L;S;C. arcania;0;2;
43286;6585953;613163;296;M;43286;HL;Tosterön;H;L;S;C. arcania;0;2;
43286;6585953;613163;297;F;43286;HL;Tosterön;H;L;E;C. arcania;0;3;
43286;6598406;613191;298;F;43286;HL;Tosterön;H;L;E;C. arcania;0;3;
43286;6598406;613191;299;F;43286;HL;Tosterön;H;L;W;C. arcania;1;1;
43286;6598406;613191;300;M;43286;HL;Tosterön;H;L;S;C. arcania;0;2;
43287;6598407;613190;301;M;43287;LH;Veda;L;H;W;C. arcania;0;2;
43287;6598407;613190;302;M;43287;LH;Veda;L;H;E;C. arcania;0;2;
43287;6598407;613190;303;F;43287;LL;Åsbergby;L;L;W;C. arcania;1;1;
43287;6598407;613190;304;M;43287;LL;Åsbergby;L;L;E;C. arcania;0;3;
43290;6595200;614551;305;M;43290;HL;Tosterön;H;L;E;C. arcania;0;3;
43291;6588532;614746;306;M;43291;HL;Tosterön;H;L;S;C. arcania;0;2;
43291;6588532;614746;307;F;43291;HH;Aspö;H;H;N;C. arcania;0;2;
43298;6625345;664834;308;F;43298;LH;Veda;L;H;W;C. arcania;0;2;
43287;6585477;613314;1;M;43287;HH;Aspö;H;H;E;A. hyperantus;0;3;
43287;6585477;613314;2;F;43287;HL;Tosterön;H;L;E;A. hyperantus;0;3;
43287;6585477;613314;3;M;43287;HH;Aspö;H;H;E;A. hyperantus;0;3;
43287;6585477;613314;4;F;43287;HH;Aspö;H;H;S;A. hyperantus;0;2;
43287;6585477;613314;5;F;43287;HH;Aspö;H;H;E;A. hyperantus;0;3;
43287;6585477;613314;6;M;43287;HH;Aspö;H;H;E;A. hyperantus;0;3;
43287;6585477;613314;7;M;43287;HH;Aspö;H;H;S;A. hyperantus;0;2;
43287;6585477;613314;8;M;43287;HH;Aspö;H;H;;A. hyperantus;;;missed it flying away
43287;6585477;613314;9;F;43287;HH;Aspö;H;H;S;A. hyperantus;0;2;
43287;6585477;613314;10;F;43287;HH;Aspö;H;H;W;A. hyperantus;1;1;
43287;6585477;613314;11;M;43287;HH;Aspö;H;H;E;A. hyperantus;0;3;
43287;6585477;613314;12;F;43287;HH;Aspö;H;H;E;A. hyperantus;0;3;
43287;6585477;613314;13;F;43287;HL;Tosterön;H;L;W;A. hyperantus;1;1;
43287;6585477;613314;14;F;43287;HH;Aspö;H;H;W;A. hyperantus;1;1;
43287;6585477;613314;15;M;43287;HL;Tosterön;H;L;E;A. hyperantus;0;3;
43287;6585477;613314;16;F;43287;HH;Aspö;H;H;W;A. hyperantus;1;1;
43287;6585477;613314;17;F;43287;HL;Tosterön;H;L;E;A. hyperantus;0;3;
43287;6585477;613314;18;M;43287;HL;Tosterön;H;L;E;A. hyperantus;0;3;
43287;6585477;613314;19;F;43287;HL;Tosterön;H;L;W;A. hyperantus;1;1;
43287;6585477;613314;20;M;43287;HL;Tosterön;H;L;E;A. hyperantus;0;3;
43287;6585477;613314;21;M;43287;HL;Tosterön;H;L;E;A. hyperantus;0;3;
43287;6585477;613314;22;M;43287;HH;Aspö;H;H;E;A. hyperantus;0;3;
43287;6585477;613314;23;M;43287;HL;Tosterön;H;L;N;A. hyperantus;0;2;
43287;6585477;613314;24;F;43287;HH;Aspö;H;H;W;A. hyperantus;1;1;
43287;6585477;613314;25;M;43287;HL;Tosterön;H;L;E;A. hyperantus;0;3;
43287;6585477;613314;26;F;43287;HL;Tosterön;H;L;N;A. hyperantus;0;2;
43287;6585477;613314;27;F;43287;HL;Tosterön;H;L;S;A. hyperantus;0;2;
43287;6585477;613314;28;M;43287;HL;Tosterön;H;L;E;A. hyperantus;0;3;
43287;6585477;613314;29;F;43287;HL;Tosterön;H;L;E;A. hyperantus;0;3;
43287;6585477;613314;30;M;43287;HL;Tosterön;H;L;W;A. hyperantus;1;1;
43289;6585477;613314;31;F;43289;HL;Tosterön;H;L;E;A. hyperantus;0;3;
43289;6585477;613314;32;F;43289;HL;Tosterön;H;L;N;A. hyperantus;0;2;
43289;6585477;613314;33;M;43289;HH;Aspö;H;H;S;A. hyperantus;0;2;
43289;6585477;613314;34;F;43289;HL;Tosterön;H;L;S;A. hyperantus;0;2;
43289;6585477;613314;35;M;43289;HL;Tosterön;H;L;N;A. hyperantus;0;2;
43289;6585477;613314;36;F;43289;HH;Aspö;H;H;S;A. hyperantus;0;2;
43289;6585477;613314;37;F;43289;HH;Aspö;H;H;E;A. hyperantus;0;3;
43289;6585477;613314;38;F;43289;HH;Aspö;H;H;S;A. hyperantus;0;2;
43289;6585477;613314;39;F;43289;HH;Aspö;H;H;S;A. hyperantus;0;2;
43289;6585477;613314;40;M;43289;HH;Aspö;H;H;W;A. hyperantus;1;1;
43289;6585477;613314;41;F;43289;HL;Tosterön;H;L;E;A. hyperantus;0;3;
43289;6585477;613314;42;M;43289;HH;Aspö;H;H;E;A. hyperantus;0;3;
43289;6585477;613314;43;M;43289;HH;Aspö;H;H;S;A. hyperantus;0;2;
43289;6585477;613314;44;F;43289;HH;Aspö;H;H;E;A. hyperantus;0;3;
43289;6585477;613314;45;F;43289;HL;Tosterön;H;L;E;A. hyperantus;0;3;
43289;6585477;613314;46;F;43289;HL;Tosterön;H;L;N;A. hyperantus;0;2;
43289;6585477;613314;47;F;43289;HL;Tosterön;H;L;N;A. hyperantus;0;2;
43289;6585477;613314;48;F;43289;HL;Tosterön;H;L;W;A. hyperantus;1;1;
43289;6585477;613314;49;M;43289;HH;Aspö;H;H;E;A. hyperantus;0;3;
43289;6585477;613314;50;F;43289;HL;Tosterön;H;L;E;A. hyperantus;0;3;
43289;6585477;613314;51;M;43289;HH;Aspö;H;H;E;A. hyperantus;0;3;
43289;6585477;613314;52;M;43289;HL;Tosterön;H;L;S;A. hyperantus;0;2;
43289;6585477;613314;53;M;43289;HH;Aspö;H;H;N;A. hyperantus;0;2;
43289;6585477;613314;54;M;43289;HL;Tosterön;H;L;E;A. hyperantus;0;3;
43289;6585477;613314;55;F;43289;HL;Tosterön;H;L;E;A. hyperantus;0;3;
43289;6585477;613314;56;M;43289;HH;Aspö;H;H;E;A. hyperantus;0;3;
43289;6585477;613314;57;F;43289;HL;Tosterön;H;L;E;A. hyperantus;0;3;
43289;6585477;613314;58;F;43289;HL;Tosterön;H;L;N;A. hyperantus;0;2;
43289;6585477;613314;59;M;43289;HL;Tosterön;H;L;N;A. hyperantus;0;2;
43289;6585477;613314;60;F;43289;HH;Aspö;H;H;E;A. hyperantus;0;3;
43290;6625330;664834;61;F;43290;LL;Åsbergby;L;L;E;A. hyperantus;0;3;
43290;6625330;664834;62;F;43290;LL;Åsbergby;L;L;N;A. hyperantus;0;2;
43290;6625330;664834;63;F;43290;LL;Åsbergby;L;L;E;A. hyperantus;0;3;
43290;6625330;664834;64;M;43290;LL;Åsbergby;L;L;W;A. hyperantus;1;1;
43290;6625330;664834;65;F;43290;LL;Åsbergby;L;L;E;A. hyperantus;0;3;
43290;6625330;664834;66;M;43290;LL;Åsbergby;L;L;E;A. hyperantus;0;3;
43290;6625330;664834;67;M;43290;LL;Åsbergby;L;L;S;A. hyperantus;0;2;
43290;6625330;664834;68;F;43290;LL;Åsbergby;L;L;S;A. hyperantus;0;2;
43290;6625330;664834;69;M;43290;LL;Åsbergby;L;L;E;A. hyperantus;0;3;
43290;6625330;664834;70;F;43290;LL;Åsbergby;L;L;W;A. hyperantus;1;1;
43290;6625330;664834;71;M;43290;LL;Åsbergby;L;L;W;A. hyperantus;1;1;
43290;6625330;664834;72;F;43290;LL;Åsbergby;L;L;N;A. hyperantus;0;2;
43294;6625330;664834;72;F;43294;LL;Åsbergby;L;L;W;A. hyperantus;1;1;Fångad utanför lokalen på samma plats som fångades i början.
43290;6625330;664834;73;F;43290;LL;Åsbergby;L;L;W;A. hyperantus;1;1;
43290;6625330;664834;74;M;43290;LL;Åsbergby;L;L;S;A. hyperantus;0;2;
43290;6625330;664834;75;F;43290;LL;Åsbergby;L;L;W;A. hyperantus;1;1;
43290;6620983;663802;76;M;43290;LH;Veda;L;H;W;A. hyperantus;0;2;
43290;6620983;663802;77;M;43290;LH;Veda;L;H;W;A. hyperantus;0;2;
43290;6620983;663802;78;F;43290;LH;Veda;L;H;S;A. hyperantus;0;3;
43290;6620983;663802;79;M;43290;LH;Veda;L;H;N;A. hyperantus;1;1;
43290;6620983;663802;80;M;43290;LH;Veda;L;H;S;A. hyperantus;0;3;
43290;6620983;663802;81;F;43290;LH;Veda;L;H;W;A. hyperantus;0;2;
43290;6620983;663802;82;M;43290;LH;Veda;L;H;N;A. hyperantus;1;1;
43290;6620983;663802;83;F;43290;LH;Veda;L;H;N;A. hyperantus;1;1;
43290;6620983;663802;84;M;43290;LH;Veda;L;H;N;A. hyperantus;1;1;
43290;6620983;663802;85;M;43290;LH;Veda;L;H;N;A. hyperantus;1;1;
43290;6620983;663802;86;M;43290;LH;Veda;L;H;W;A. hyperantus;0;2;
43290;6620983;663802;87;F;43290;LH;Veda;L;H;N;A. hyperantus;1;1;
43290;6620983;663802;88;F;43290;LH;Veda;L;H;E;A. hyperantus;0;2;
43290;6620983;663802;89;M;43290;LH;Veda;L;H;S;A. hyperantus;0;3;
43290;6620983;663802;90;M;43290;LH;Veda;L;H;N;A. hyperantus;1;1;
43291;6625322;664821;91;M;43291;LL;Åsbergby;L;L;W;A. hyperantus;1;1;
43291;6625322;664821;92;M;43291;LL;Åsbergby;L;L;W;A. hyperantus;1;1;
43291;6625322;664821;93;M;43291;LL;Åsbergby;L;L;S;A. hyperantus;0;2;
43291;6625322;664821;94;M;43291;LL;Åsbergby;L;L;S;A. hyperantus;0;2;
43291;6625322;664821;95;M;43291;LL;Åsbergby;L;L;E;A. hyperantus;0;3;
43291;6625322;664821;96;F;43291;LL;Åsbergby;L;L;S;A. hyperantus;0;2;
43291;6625322;664821;97;F;43291;LL;Åsbergby;L;L;N;A. hyperantus;0;2;
43291;6625322;664821;98;F;43291;LL;Åsbergby;L;L;S;A. hyperantus;0;2;
43291;6625322;664821;99;F;43291;LL;Åsbergby;L;L;W;A. hyperantus;1;1;
43291;6625322;664821;100;M;43291;LL;Åsbergby;L;L;W;A. hyperantus;1;1;
43291;6625322;664821;101;F;43291;LL;Åsbergby;L;L;N;A. hyperantus;0;2;
43291;6625322;664821;102;F;43291;LL;Åsbergby;L;L;N;A. hyperantus;0;2;
43291;6625322;664821;103;F;43291;LL;Åsbergby;L;L;E;A. hyperantus;0;3;
43291;6625322;664821;104;M;43291;LL;Åsbergby;L;L;S;A. hyperantus;0;2;
43291;6625322;664821;105;F;43291;LL;Åsbergby;L;L;W;A. hyperantus;1;1;
43291;6621581;666499;106;F;43291;LH;Veda;L;H;W;A. hyperantus;0;2;
43291;6621581;666499;107;M;43291;LH;Veda;L;H;E;A. hyperantus;0;2;
43291;6621581;666499;108;F;43291;LH;Veda;L;H;N;A. hyperantus;1;1;
43291;6621581;666499;109;M;43291;LH;Veda;L;H;W;A. hyperantus;0;2;
43291;6621581;666499;110;M;43291;LH;Veda;L;H;N;A. hyperantus;1;1;
43291;6621581;666499;111;M;43291;LH;Veda;L;H;W;A. hyperantus;0;2;
43291;6621581;666499;112;M;43291;LH;Veda;L;H;W;A. hyperantus;0;2;
43291;6621581;666499;113;F;43291;LH;Veda;L;H;W;A. hyperantus;0;2;
43291;6625847;664462;114;M;43291;LH;Veda;L;H;E;A. hyperantus;0;2;
43291;6625847;664462;115;F;43291;LH;Veda;L;H;W;A. hyperantus;0;2;
43291;6620962;663791;116;F;43291;LH;Veda;L;H;S;A. hyperantus;0;3;
43299;6624935;666253;117;F;43299;LH;Veda;L;H;N;A. hyperantus;1;1;
43299;6624935;666253;118;F;43299;LH;Veda;L;H;S;A. hyperantus;0;3;
43299;6624935;666253;119;F;43299;LH;Veda;L;H;N;A. hyperantus;1;1;
43299;6624935;666253;120;F;43299;LH;Veda;L;H;S;A. hyperantus;0;3;
43292;6585477;613314;121;M;43292;HH;Aspö;H;H;E;A. hyperantus;0;3;
43292;6585477;613314;122;F;43292;HH;Aspö;H;H;N;A. hyperantus;0;2;
43292;6585477;613314;123;M;43292;HH;Aspö;H;H;N;A. hyperantus;0;2;
43292;6585477;613314;124;M;43292;HH;Aspö;H;H;E;A. hyperantus;0;3;
43292;6585477;613314;125;F;43292;HH;Aspö;H;H;E;A. hyperantus;0;3;
43292;6585477;613314;126;F;43292;HL;Tosterön;H;L;E;A. hyperantus;0;3;
43292;6585477;613314;127;F;43292;HL;Tosterön;H;L;S;A. hyperantus;0;2;
43292;6585477;613314;128;F;43292;HL;Tosterön;H;L;E;A. hyperantus;0;3;
43292;6585477;613314;129;F;43292;HH;Aspö;H;H;E;A. hyperantus;0;3;
43292;6585477;613314;130;M;43292;HH;Aspö;H;H;E;A. hyperantus;0;3;
43292;6585477;613314;131;F;43292;HH;Aspö;H;H;N;A. hyperantus;0;2;
43292;6585477;613314;132;F;43292;HH;Aspö;H;H;E;A. hyperantus;0;3;
43292;6585477;613314;133;F;43292;HL;Tosterön;H;L;N;A. hyperantus;0;2;
43292;6585477;613314;134;F;43292;HL;Tosterön;H;L;N;A. hyperantus;0;2;
43292;6585477;613314;135;M;43292;HL;Tosterön;H;L;S;A. hyperantus;0;2;
43292;6585477;613314;136;F;43292;HH;Aspö;H;H;N;A. hyperantus;0;2;
43292;6585477;613314;137;F;43292;HL;Tosterön;H;L;E;A. hyperantus;0;3;
43292;6585477;613314;138;F;43292;HL;Tosterön;H;L;S;A. hyperantus;0;2;
43292;6585477;613314;139;F;43292;HL;Tosterön;H;L;N;A. hyperantus;0;2;
43292;6585477;613314;140;M;43292;HL;Tosterön;H;L;E;A. hyperantus;0;3;
43293;6620973;663785;141;M;43293;HL;Tosterön;H;L;S;A. hyperantus;0;2;
43293;6620973;663785;142;M;43293;LH;Veda;L;H;E;A. hyperantus;0;2;
43293;6620973;663785;143;M;43293;LH;Veda;L;H;W;A. hyperantus;0;2;
43293;6620973;663785;144;F;43293;LH;Veda;L;H;N;A. hyperantus;1;1;
43293;6620973;663785;145;F;43293;LH;Veda;L;H;S;A. hyperantus;0;3;
43293;6620973;663785;146;M;43293;LH;Veda;L;H;E;A. hyperantus;0;2;
43293;6620973;663785;147;M;43293;LH;Veda;L;H;W;A. hyperantus;0;2;
43293;6620973;663785;148;F;43293;LH;Veda;L;H;N;A. hyperantus;1;1;
43293;6620973;663785;149;F;43293;LH;Veda;L;H;N;A. hyperantus;1;1;
43293;6620973;663785;150;F;43293;LH;Veda;L;H;S;A. hyperantus;0;3;
43293;6620973;663785;151;F;43293;LH;Veda;L;H;N;A. hyperantus;1;1;
43293;6620973;663785;152;M;43293;LH;Veda;L;H;W;A. hyperantus;0;2;
43293;6621192;664202;153;F;43293;LH;Veda;L;H;W;A. hyperantus;0;2;
43293;6621192;664202;154;M;43293;LH;Veda;L;H;N;A. hyperantus;1;1;
43293;6621192;664202;155;F;43293;LH;Veda;L;H;S;A. hyperantus;0;3;
43293;6625322;664821;156;F;43294;LL;Åsbergby;L;L;N;A. hyperantus;0;2;
43293;6625322;664821;157;M;43294;LL;Åsbergby;L;L;S;A. hyperantus;0;2;
43293;6625322;664821;158;F;43294;LL;Åsbergby;L;L;N;A. hyperantus;0;2;
43293;6625322;664821;159;F;43294;LL;Åsbergby;L;L;W;A. hyperantus;1;1;
43293;6625322;664821;160;F;43294;LL;Åsbergby;L;L;W;A. hyperantus;1;1;
43294;6625322;664821;161;M;43294;LL;Åsbergby;L;L;E;A. hyperantus;0;3;
43294;6625322;664821;162;F;43294;LL;Åsbergby;L;L;S;A. hyperantus;0;2;
43294;6625322;664821;163;M;43294;LL;Åsbergby;L;L;W;A. hyperantus;1;1;
43294;6625103;665950;164;F;43294;LL;Åsbergby;L;L;E;A. hyperantus;0;3;
43294;6625263;665782;165;M;43294;LL;Åsbergby;L;L;E;A. hyperantus;0;3;
43294;6625263;665782;166;F;43294;LL;Åsbergby;L;L;W;A. hyperantus;1;1;
43294;6625263;665782;167;F;43294;LL;Åsbergby;L;L;W;A. hyperantus;1;1;
43294;6625263;665782;168;M;43294;LL;Åsbergby;L;L;W;A. hyperantus;1;1;
43294;6625422;664832;169;F;43294;LL;Åsbergby;L;L;N;A. hyperantus;0;2;
43294;6625422;664832;170;F;43294;LL;Åsbergby;L;L;W;A. hyperantus;1;1;
43298;6595119;614428;171;F;43298;HH;Aspö;H;H;E;A. hyperantus;0;3;
43298;6595119;614428;172;F;43298;HH;Aspö;H;H;E;A. hyperantus;0;3;
43298;6595119;614428;173;F;43298;HH;Aspö;H;H;N;A. hyperantus;0;2;
43298;6595119;614428;174;F;43298;HH;Aspö;H;H;E;A. hyperantus;0;3;Dvärg
43298;6595119;614428;175;M;43298;HH;Aspö;H;H;W;A. hyperantus;1;1;
43298;6595119;614428;176;F;43298;HH;Aspö;H;H;E;A. hyperantus;0;3;
43298;6594935;614595;177;M;43298;HH;Aspö;H;H;S;A. hyperantus;0;2;
43298;6594935;614595;178;F;43298;HL;Tosterön;H;L;W;A. hyperantus;1;1;
43298;6594935;614595;179;F;43298;HH;Aspö;H;H;E;A. hyperantus;0;3;
43298;6594935;614595;180;M;43298;HL;Tosterön;H;L;N;A. hyperantus;0;2;
43298;6594935;614595;181;M;43298;HL;Tosterön;H;L;W;A. hyperantus;1;1;
43298;6594935;614595;182;F;43298;HL;Tosterön;H;L;N;A. hyperantus;0;2;
43298;6594935;614595;183;M;43298;HL;Tosterön;H;L;W;A. hyperantus;1;1;Dög av trafik
43298;6594935;614595;184;M;43298;HL;Tosterön;H;L;S;A. hyperantus;0;2;
43298;6594935;614595;185;F;43298;HH;Aspö;H;H;W;A. hyperantus;1;1;
43298;6594935;614595;186;F;43298;HL;Tosterön;H;L;S;A. hyperantus;0;2;
43298;6594935;614595;187;F;43298;HL;Tosterön;H;L;N;A. hyperantus;0;2;
43298;6594935;614595;188;M;43298;HH;Aspö;H;H;E;A. hyperantus;0;3;
43298;6594935;614595;189;F;43298;HL;Tosterön;H;L;E;A. hyperantus;0;3;
43298;6594935;614595;190;M;43298;HL;Tosterön;H;L;E;A. hyperantus;0;3;
43299;6625416;664834;191;F;43299;LH;Veda;L;H;E;A. hyperantus;0;2;
43299;6625416;664834;192;M;43299;LH;Veda;L;H;E;A. hyperantus;0;2;
43299;6625416;664834;193;F;43299;LL;Åsbergby;L;L;E;A. hyperantus;0;3;
43299;6624971;666256;194;F;43299;LH;Veda;L;H;N;A. hyperantus;1;1;
43299;6624971;666256;195;M;43299;LL;Åsbergby;L;L;E;A. hyperantus;0;3;
43299;6624971;666256;196;F;43299;LH;Veda;L;H;W;A. hyperantus;0;2;
43299;6624971;666256;197;M;43299;LH;Veda;L;H;N;A. hyperantus;1;1;
43299;6624971;666256;198;F;43299;LL;Åsbergby;L;L;W;A. hyperantus;1;1;
43299;6624971;666256;199;F;43299;LH;Veda;L;H;N;A. hyperantus;1;1;Dvärg
43287;6598407;613190;201;F;43287;LH;Veda;L;H;S;A. hyperantus;0;3;
43287;6598407;613190;202;F;43287;LH;Veda;L;H;N;A. hyperantus;1;1;
43287;6598407;613190;203;M;43287;LH;Veda;L;H;W;A. hyperantus;0;2;
43287;6598407;613190;204;F;43287;LH;Veda;L;H;W;A. hyperantus;0;2;
43287;6598407;613190;205;F;43287;LH;Veda;L;H;S;A. hyperantus;0;3;
43287;6598407;613190;206;F;43287;LH;Veda;L;H;E;A. hyperantus;0;2;
43287;6598407;613190;207;M;43287;LH;Veda;L;H;E;A. hyperantus;0;2;
43287;6598407;613190;208;F;43287;LH;Veda;L;H;W;A. hyperantus;0;2;
43287;6598407;613190;209;M;43287;LH;Veda;L;H;E;A. hyperantus;0;2;
43287;6598407;613190;210;F;43287;LH;Veda;L;H;N;A. hyperantus;1;1;
43287;6598407;613190;211;F;43287;LH;Veda;L;H;W;A. hyperantus;0;2;
43287;6598407;613190;212;M;43287;LH;Veda;L;H;E;A. hyperantus;0;2;
43287;6598407;613190;213;M;43287;LH;Veda;L;H;S;A. hyperantus;0;3;
43287;6598407;613190;214;F;43287;LH;Veda;L;H;W;A. hyperantus;0;2;
43287;6598407;613190;215;M;43287;LL;Åsbergby;L;L;W;A. hyperantus;1;1;
43287;6598407;613190;216;F;43287;LL;Åsbergby;L;L;S;A. hyperantus;0;2;
43287;6598407;613190;217;M;43287;LL;Åsbergby;L;L;S;A. hyperantus;0;2;
43287;6598407;613190;218;F;43287;LL;Åsbergby;L;L;E;A. hyperantus;0;3;
43287;6598407;613190;219;F;43287;LH;Veda;L;H;S;A. hyperantus;0;3;
43287;6598407;613190;220;M;43287;LL;Åsbergby;L;L;W;A. hyperantus;1;1;
43287;6598407;613190;221;F;43287;LL;Åsbergby;L;L;E;A. hyperantus;0;3;
43287;6598407;613190;222;M;43287;LL;Åsbergby;L;L;E;A. hyperantus;0;3;
43287;6598407;613190;223;F;43287;LL;Åsbergby;L;L;S;A. hyperantus;0;2;
43287;6598407;613190;224;M;43287;LL;Åsbergby;L;L;W;A. hyperantus;1;1;
43287;6598407;613190;225;F;43287;LL;Åsbergby;L;L;S;A. hyperantus;0;2;
43287;6598407;613190;226;M;43287;LL;Åsbergby;L;L;E;A. hyperantus;0;3;
43287;6598407;613190;227;M;43287;LL;Åsbergby;L;L;W;A. hyperantus;1;1;
43287;6598407;613190;228;M;43287;LL;Åsbergby;L;L;W;A. hyperantus;1;1;
43287;6598407;613190;229;M;43287;LL;Åsbergby;L;L;W;A. hyperantus;1;1;
43287;6598407;613190;230;M;43287;LL;Åsbergby;L;L;N;A. hyperantus;0;2;
43289;6621553;666475;231;F;43289;LL;Åsbergby;L;L;E;A. hyperantus;0;3;
43289;6621553;666475;232;M;43289;LL;Åsbergby;L;L;S;A. hyperantus;0;2;
43289;6621553;666475;233;F;43289;LL;Åsbergby;L;L;S;A. hyperantus;0;2;
43289;6621553;666475;234;M;43289;LL;Åsbergby;L;L;S;A. hyperantus;0;2;
43289;6621553;666475;235;F;43289;LL;Åsbergby;L;L;N;A. hyperantus;0;2;
43289;6621553;666475;236;M;43289;LL;Åsbergby;L;L;S;A. hyperantus;0;2;
43289;6621553;666475;237;F;43289;LL;Åsbergby;L;L;S;A. hyperantus;0;2;
43289;6621553;666475;238;F;43289;LL;Åsbergby;L;L;S;A. hyperantus;0;2;
43289;6621553;666475;239;F;43289;LL;Åsbergby;L;L;S;A. hyperantus;0;2;
43289;6621553;666475;240;F;43289;LL;Åsbergby;L;L;N;A. hyperantus;0;2;
43289;6621553;666475;241;M;43289;LL;Åsbergby;L;L;N;A. hyperantus;0;2;
43289;6621553;666475;242;F;43289;LL;Åsbergby;L;L;S;A. hyperantus;0;2;
43289;6621553;666475;243;F;43289;LL;Åsbergby;L;L;S;A. hyperantus;0;2;
43289;6621553;666475;244;F;43289;LL;Åsbergby;L;L;N;A. hyperantus;0;2;
43289;6621553;666475;245;F;43289;LL;Åsbergby;L;L;W;A. hyperantus;1;1;
43290;6595197;614546;246;M;43290;HH;Aspö;H;H;W;A. hyperantus;1;1;
43290;6595197;614546;247;F;43290;HH;Aspö;H;H;S;A. hyperantus;0;2;
43290;6595197;614546;248;F;43290;HH;Aspö;H;H;S;A. hyperantus;0;2;
43290;6595197;614546;249;F;43290;HH;Aspö;H;H;S;A. hyperantus;0;2;
43290;6595197;614546;250;M;43290;HH;Aspö;H;H;N;A. hyperantus;0;2;
43290;6595197;614546;251;F;43290;HH;Aspö;H;H;N;A. hyperantus;0;2;
43290;6595197;614546;252;F;43290;HH;Aspö;H;H;W;A. hyperantus;1;1;
43290;6595197;614546;253;M;43290;HH;Aspö;H;H;N;A. hyperantus;0;2;
43290;6595197;614546;254;F;43290;HH;Aspö;H;H;N;A. hyperantus;0;2;
43290;6595197;614546;255;F;43290;HH;Aspö;H;H;S;A. hyperantus;0;2;
43290;6595197;614546;256;F;43290;HH;Aspö;H;H;N;A. hyperantus;0;2;
43290;6595197;614546;257;F;43290;HH;Aspö;H;H;S;A. hyperantus;0;2;
43290;6595197;614546;258;F;43290;HH;Aspö;H;H;E;A. hyperantus;0;3;
43290;6595197;614546;259;F;43290;HH;Aspö;H;H;N;A. hyperantus;0;2;
43290;6595197;614546;260;F;43290;HH;Aspö;H;H;W;A. hyperantus;1;1;
43290;6595197;614546;261;F;43290;HL;Tosterön;H;L;;A. hyperantus;;;
43290;6595197;614546;262;F;43290;HL;Tosterön;H;L;E;A. hyperantus;0;3;
43290;6595197;614546;263;F;43290;HL;Tosterön;H;L;S;A. hyperantus;0;2;
43290;6595197;614546;264;F;43290;HL;Tosterön;H;L;S;A. hyperantus;0;2;
43290;6595197;614546;265;F;43290;HL;Tosterön;H;L;E;A. hyperantus;0;3;
43290;6595197;614546;266;F;43290;HL;Tosterön;H;L;E;A. hyperantus;0;3;
43290;6595197;614546;267;F;43290;HL;Tosterön;H;L;N;A. hyperantus;0;2;
43290;6595197;614546;268;M;43290;HL;Tosterön;H;L;E;A. hyperantus;0;3;
43290;6595197;614546;269;F;43290;HL;Tosterön;H;L;E;A. hyperantus;0;3;
43290;6595197;614546;270;F;43290;HL;Tosterön;H;L;S;A. hyperantus;0;2;
43290;6595197;614546;271;F;43290;HL;Tosterön;H;L;N;A. hyperantus;0;2;
43290;6595197;614546;272;F;43290;HL;Tosterön;H;L;S;A. hyperantus;0;2;
43290;6595197;614546;273;F;43290;HL;Tosterön;H;L;E;A. hyperantus;0;3;
43290;6595197;614546;274;F;43290;HL;Tosterön;H;L;E;A. hyperantus;0;3;
43290;6595197;614546;275;F;43290;HL;Tosterön;H;L;E;A. hyperantus;0;3;
43291;6588532;614746;276;F;43291;HL;Tosterön;H;L;S;A. hyperantus;0;2;
43291;6588532;614746;277;F;43291;HL;Tosterön;H;L;S;A. hyperantus;0;2;
43291;6588532;614746;278;F;43291;HL;Tosterön;H;L;S;A. hyperantus;0;2;
43291;6588532;614746;279;F;43291;HL;Tosterön;H;L;S;A. hyperantus;0;2;
43291;6588532;614746;280;F;43291;HL;Tosterön;H;L;S;A. hyperantus;0;2;
43291;6588532;614746;281;M;43291;HL;Tosterön;H;L;S;A. hyperantus;0;2;
43291;6588532;614746;282;F;43291;HL;Tosterön;H;L;W;A. hyperantus;1;1;
43291;6588532;614746;283;F;43291;HL;Tosterön;H;L;W;A. hyperantus;1;1;
43291;6588532;614746;284;F;43291;HL;Tosterön;H;L;E;A. hyperantus;0;3;
43291;6588532;614746;285;F;43291;HL;Tosterön;H;L;S;A. hyperantus;0;2;
43291;6588532;614746;286;F;43291;HL;Tosterön;H;L;W;A. hyperantus;1;1;
43291;6588532;614746;287;F;43291;HL;Tosterön;H;L;E;A. hyperantus;0;3;
43291;6588532;614746;288;F;43291;HL;Tosterön;H;L;N;A. hyperantus;0;2;
43291;6588532;614746;289;F;43291;HL;Tosterön;H;L;S;A. hyperantus;0;2;
43291;6588532;614746;290;F;43291;HL;Tosterön;H;L;W;A. hyperantus;1;1;
43291;6589142;613904;291;F;43291;HH;Aspö;H;H;E;A. hyperantus;0;3;
43291;6589142;613904;292;F;43291;HH;Aspö;H;H;S;A. hyperantus;0;2;
43291;6589142;613904;293;F;43291;HH;Aspö;H;H;E;A. hyperantus;0;3;
43291;6589142;613904;294;F;43291;HH;Aspö;H;H;W;A. hyperantus;1;1;
43291;6589142;613904;295;F;43291;HH;Aspö;H;H;N;A. hyperantus;0;2;
43291;6589142;613904;296;F;43291;HH;Aspö;H;H;N;A. hyperantus;0;2;
43291;6589142;613904;297;F;43291;HH;Aspö;H;H;N;A. hyperantus;0;2;
43291;6589142;613904;298;F;43291;HH;Aspö;H;H;N;A. hyperantus;0;2;
43291;6589142;613904;299;F;43291;HH;Aspö;H;H;N;A. hyperantus;0;2;
43291;6589142;613904;300;F;43291;HH;Aspö;H;H;N;A. hyperantus;0;2;
43291;6589142;613904;301;F;43291;HH;Aspö;H;H;S;A. hyperantus;0;2;
43291;6589142;613904;302;F;43291;HH;Aspö;H;H;E;A. hyperantus;0;3;
43291;6589142;613904;303;F;43291;HH;Aspö;H;H;N;A. hyperantus;0;2;
43291;6589142;613904;304;F;43291;HH;Aspö;H;H;W;A. hyperantus;1;1;
43291;6589142;613904;305;F;43291;;;;;;A. hyperantus;;;Dog
43292;6621344;665433;306;F;43292;LH;Veda;L;H;S;A. hyperantus;0;3;
43292;6621344;665433;307;F;43292;LH;Veda;L;H;N;A. hyperantus;1;1;
43292;6621344;665433;308;F;43292;LH;Veda;L;H;W;A. hyperantus;0;2;
43292;6621344;665433;309;M;43292;LH;Veda;L;H;W;A. hyperantus;0;2;
43292;6621344;665433;310;F;43292;LH;Veda;L;H;W;A. hyperantus;0;2;
43292;6621344;665433;311;F;43292;LH;Veda;L;H;N;A. hyperantus;1;1;
43292;6621344;665433;312;F;43292;LH;Veda;L;H;W;A. hyperantus;0;2;
43292;6621344;665433;313;F;43292;LH;Veda;L;H;W;A. hyperantus;0;2;
43292;6621524;666214;314;M;43292;LH;Veda;L;H;W;A. hyperantus;0;2;
43292;6621524;666214;315;M;43292;LH;Veda;L;H;W;A. hyperantus;0;2;
43292;6621524;666214;316;F;43292;LH;Veda;L;H;E;A. hyperantus;0;2;
43292;6621524;666214;317;F;43292;LH;Veda;L;H;W;A. hyperantus;0;2;
43292;6621524;666214;318;F;43292;LH;Veda;L;H;W;A. hyperantus;0;2;
43292;6621524;666214;319;M;43292;LH;Veda;L;H;W;A. hyperantus;0;2;
43292;6621524;666214;320;F;43292;LH;Veda;L;H;W;A. hyperantus;0;2;
43293;6596565;618001;321;F;43293;HH;Aspö;H;H;N;A. hyperantus;0;2;
43293;6596565;618001;322;M;43293;HH;Aspö;H;H;S;A. hyperantus;0;2;
43293;6596565;618001;323;F;43293;HH;Aspö;H;H;W;A. hyperantus;1;1;
43293;6596565;618001;324;M;43293;HH;Aspö;H;H;E;A. hyperantus;0;3;
43293;6596565;618001;325;F;43293;HH;Aspö;H;H;N;A. hyperantus;0;2;
43293;6596565;618001;326;M;43293;HH;Aspö;H;H;W;A. hyperantus;1;1;
43293;6596565;618001;327;F;43293;HH;Aspö;H;H;N;A. hyperantus;0;2;
43293;6596565;618001;328;F;43293;HH;Aspö;H;H;N;A. hyperantus;0;2;
43293;6596565;618001;329;F;43293;HL;Tosterön;H;L;N;A. hyperantus;0;2;
43293;6596565;618001;330;F;43293;HL;Tosterön;H;L;E;A. hyperantus;0;3;
43293;6596565;618001;331;F;43293;HH;Aspö;H;H;N;A. hyperantus;0;2;
43293;6596565;618001;332;F;43293;HL;Tosterön;H;L;E;A. hyperantus;0;3;
43293;6596565;618001;333;F;43293;HH;Aspö;H;H;N;A. hyperantus;0;2;
43293;6596565;618001;334;F;43293;HH;Aspö;H;H;W;A. hyperantus;1;1;
43293;6596565;618001;335;F;43293;HH;Aspö;H;H;W;A. hyperantus;1;1;
43293;6596565;618001;336;F;43293;HH;Aspö;H;H;S;A. hyperantus;0;2;
43293;6596565;618001;337;F;43293;HL;Tosterön;H;L;E;A. hyperantus;0;3;
43293;6596565;618001;338;F;43293;HL;Tosterön;H;L;N;A. hyperantus;0;2;
43293;6596565;618001;339;F;43293;HL;Tosterön;H;L;E;A. hyperantus;0;3;
43293;6596565;618001;340;F;43293;HL;Tosterön;H;L;E;A. hyperantus;0;3;
43293;6596565;618001;341;F;43293;HL;Tosterön;H;L;N;A. hyperantus;0;2;
43293;6596565;618001;342;F;43293;HL;Tosterön;H;L;S;A. hyperantus;0;2;
43293;6596565;618001;343;F;43293;HL;Tosterön;H;L;S;A. hyperantus;0;2;
43293;6596565;618001;344;F;43293;HL;Tosterön;H;L;N;A. hyperantus;0;2;
43293;6596565;618001;345;F;43293;HL;Tosterön;H;L;W;A. hyperantus;1;1;
43293;6596565;618001;346;F;43293;HL;Tosterön;H;L;W;A. hyperantus;1;1;
43294;6595512;615836;347;F;43294;HL;Tosterön;H;L;N;A. hyperantus;0;2;
43294;6595512;615836;348;F;43294;HL;Tosterön;H;L;E;A. hyperantus;0;3;
43294;6595512;615836;349;M;43294;HL;Tosterön;H;L;E;A. hyperantus;0;3;
43294;6595512;615836;350;F;43294;HL;Tosterön;H;L;E;A. hyperantus;0;3;
43294;6595512;615836;351;F;43294;HL;Tosterön;H;L;W;A. hyperantus;1;1;Död av trafiken
43294;6595512;615836;352;F;43294;HL;Tosterön;H;L;S;A. hyperantus;0;2;
43294;6595512;615836;353;F;43294;HL;Tosterön;H;L;N;A. hyperantus;0;2;
43294;6595512;615836;354;F;43294;HL;Tosterön;H;L;N;A. hyperantus;0;2;
43294;6595512;615836;355;F;43294;HL;Tosterön;H;L;E;A. hyperantus;0;3;
43294;6595512;615836;356;F;43294;HH;Aspö;H;H;E;A. hyperantus;0;3;
43294;6595512;615836;357;F;43294;HL;Tosterön;H;L;N;A. hyperantus;0;2;
43294;6595512;615836;358;F;43294;HL;Tosterön;H;L;E;A. hyperantus;0;3;
43294;6595512;615836;359;F;43294;HL;Tosterön;H;L;W;A. hyperantus;1;1;
43294;6595512;615836;360;M;43294;HH;Aspö;H;H;W;A. hyperantus;1;1;
43294;6595512;615836;361;F;43294;HH;Aspö;H;H;N;A. hyperantus;0;2;
43294;6595512;615836;362;F;43294;HH;Aspö;H;H;N;A. hyperantus;0;2;
43294;6595512;615836;363;F;43294;HH;Aspö;H;H;E;A. hyperantus;0;3;
43294;6595512;615836;364;F;43294;HH;Aspö;H;H;W;A. hyperantus;1;1;
43294;6595512;615836;365;F;43294;HL;Tosterön;H;L;N;A. hyperantus;0;2;
43294;6595512;615836;366;F;43294;HH;Aspö;H;H;N;A. hyperantus;0;2;
43294;6595512;615836;367;F;43294;HL;Tosterön;H;L;E;A. hyperantus;0;3;
43294;6595512;615836;368;F;43294;HL;Tosterön;H;L;W;A. hyperantus;1;1;
43294;6595512;615836;369;F;43294;HH;Aspö;H;H;S;A. hyperantus;0;2;
43294;6595512;615836;370;F;43294;HH;Aspö;H;H;W;A. hyperantus;1;1;
43294;6595512;615836;371;F;43294;HH;Aspö;H;H;S;A. hyperantus;0;2;
43294;6595512;615836;372;F;43294;HL;Tosterön;H;L;N;A. hyperantus;0;2;
43294;6595512;615836;373;F;43294;HH;Aspö;H;H;S;A. hyperantus;0;2;
43294;6595512;615836;374;F;43294;HH;Aspö;H;H;S;A. hyperantus;0;2;
43294;6595512;615836;375;F;43294;HH;Aspö;H;H;S;A. hyperantus;0;2;
43294;6595512;615836;376;F;43294;HH;Aspö;H;H;N;A. hyperantus;0;2;
43294;6595512;615836;377;F;43294;HH;Aspö;H;H;S;A. hyperantus;0;2;
43294;6595512;615836;378;F;43294;HH;Aspö;H;H;W;A. hyperantus;1;1;
43294;6595512;615836;379;F;43294;HH;Aspö;H;H;S;A. hyperantus;0;2;
43294;6595512;615836;380;F;43294;HH;Aspö;H;H;E;A. hyperantus;0;3;
43294;6595512;615836;381;F;43294;HH;Aspö;H;H;S;A. hyperantus;0;2;
43297;6619747;664234;382;F;43297;LL;Åsbergby;L;L;W;A. hyperantus;1;1;
43297;6619747;664234;383;F;43297;LL;Åsbergby;L;L;S;A. hyperantus;0;2;
43297;6619747;664234;384;F;43297;LL;Åsbergby;L;L;S;A. hyperantus;0;2;
43297;6619747;664234;385;F;43297;LL;Åsbergby;L;L;N;A. hyperantus;0;2;
43297;6619747;664234;386;F;43297;LL;Åsbergby;L;L;S;A. hyperantus;0;2;
43297;6619747;664234;387;F;43297;LL;Åsbergby;L;L;E;A. hyperantus;0;3;
43297;6619747;664234;388;F;43297;LL;Åsbergby;L;L;N;A. hyperantus;0;2;
43297;6619747;664234;389;F;43297;LL;Åsbergby;L;L;N;A. hyperantus;0;2;
43297;6619747;664234;390;F;43297;LL;Åsbergby;L;L;N;A. hyperantus;0;2;
43297;6619747;664234;391;M;43297;LL;Åsbergby;L;L;N;A. hyperantus;0;2;
43297;6619747;664234;392;F;43297;LL;Åsbergby;L;L;W;A. hyperantus;1;1;
43297;6619747;664234;393;F;43297;LH;Veda;L;H;W;A. hyperantus;0;2;
43297;6619747;664234;394;F;43297;LL;Åsbergby;L;L;E;A. hyperantus;0;3;
43297;6619747;664234;395;F;43297;LL;Åsbergby;L;L;W;A. hyperantus;1;1;
43297;6619747;664234;396;F;43297;LH;Veda;L;H;N;A. hyperantus;1;1;
43297;6619747;664234;397;F;43297;LL;Åsbergby;L;L;S;A. hyperantus;0;2;
43297;6619747;664234;398;F;43297;LH;Veda;L;H;E;A. hyperantus;0;2;
43297;6619747;664234;399;F;43297;LH;Veda;L;H;W;A. hyperantus;0;2;
43297;6619747;664234;400;M;43297;LH;Veda;L;H;W;A. hyperantus;0;2;
43297;6619747;664234;401;F;43297;LH;Veda;L;H;N;A. hyperantus;1;1;
43297;6619747;664234;402;F;43297;LH;Veda;L;H;W;A. hyperantus;0;2;
43297;6619747;664234;403;F;43297;LH;Veda;L;H;S;A. hyperantus;0;3;
43297;6619747;664234;404;F;43297;LH;Veda;L;H;W;A. hyperantus;0;2;
43297;6619747;664234;405;F;43297;LH;Veda;L;H;S;A. hyperantus;0;3;
43297;6619747;664234;406;F;43297;LH;Veda;L;H;S;A. hyperantus;0;3;
43297;6619747;664234;407;F;43297;LL;Åsbergby;L;L;W;A. hyperantus;1;1;
43297;6620028;664030;408;F;43297;LH;Veda;L;H;W;A. hyperantus;0;2;
43297;6620028;664030;409;F;43297;LH;Veda;L;H;S;A. hyperantus;0;3;
43297;6620028;664030;410;F;43297;LH;Veda;L;H;N;A. hyperantus;1;1;
43297;6620028;664030;411;F;43297;LH;Veda;L;H;W;A. hyperantus;0;2;
43297;6620028;664030;412;F;43297;LH;Veda;L;H;W;A. hyperantus;0;2;
43298;6625345;664834;413;F;43298;LH;Veda;L;H;W;A. hyperantus;0;2;
43298;6625345;664834;414;F;43298;LH;Veda;L;H;E;A. hyperantus;0;2;
43298;6625345;664834;415;F;43298;LH;Veda;L;H;E;A. hyperantus;0;2;
43298;6625345;664834;416;F;43298;LH;Veda;L;H;E;A. hyperantus;0;2;
43298;6625345;664834;417;F;43298;LH;Veda;L;H;S;A. hyperantus;0;3;
43298;6625345;664834;418;F;43298;LH;Veda;L;H;S;A. hyperantus;0;3;
43298;6624949;666244;419;F;43298;LH;Veda;L;H;N;A. hyperantus;1;1;
43298;6624949;666244;420;F;43298;LH;Veda;L;H;S;A. hyperantus;0;3;
43298;6624949;666244;421;F;43298;LH;Veda;L;H;N;A. hyperantus;1;1;
43298;6624949;666244;422;F;43298;LH;Veda;L;H;S;A. hyperantus;0;3;
43298;6624949;666244;423;F;43298;LH;Veda;L;H;N;A. hyperantus;1;1;
43298;6624949;666244;424;F;43298;LH;Veda;L;H;S;A. hyperantus;0;3;
43298;6624949;666244;425;F;43298;LH;Veda;L;H;S;A. hyperantus;0;3;
43298;6624949;666244;426;M;43298;LH;Veda;L;H;W;A. hyperantus;0;2;
43298;6624949;666244;427;F;43298;LL;Åsbergby;L;L;W;A. hyperantus;1;1;
43298;6624949;666244;428;F;43298;LH;Veda;L;H;W;A. hyperantus;0;2;
43298;6624949;666244;429;M;43298;LH;Veda;L;H;;A. hyperantus;0;;Flög rakt upp. Kunde inte se flygriktning pga solen
43298;6624949;666244;430;F;43298;LH;Veda;L;H;W;A. hyperantus;0;2;
43298;6624949;666244;431;F;43298;LH;Veda;L;H;N;A. hyperantus;1;1;
43298;6624949;666244;432;F;43298;LH;Veda;L;H;S;A. hyperantus;0;3;
43298;6624949;666244;433;F;43298;LL;Åsbergby;L;L;N;A. hyperantus;0;2;
43298;6624949;666244;434;F;43298;LH;Veda;L;H;S;A. hyperantus;0;3;
43298;6621461;666946;435;F;43298;LL;Åsbergby;L;L;W;A. hyperantus;1;1;
43298;6621461;666946;436;F;43298;LL;Åsbergby;L;L;N;A. hyperantus;0;2;
43298;6621461;666946;437;F;43298;LL;Åsbergby;L;L;W;A. hyperantus;1;1;
43298;6621461;666946;438;F;43298;LL;Åsbergby;L;L;N;A. hyperantus;0;2;
43298;6621461;666946;439;F;43298;LL;Åsbergby;L;L;N;A. hyperantus;0;2;
43298;6621461;666946;440;F;43298;LL;Åsbergby;L;L;N;A. hyperantus;0;2;
43298;6621461;666946;441;F;43298;LL;Åsbergby;L;L;W;A. hyperantus;1;1;
43298;6621461;666946;442;F;43298;LL;Åsbergby;L;L;W;A. hyperantus;1;1;
43298;6621461;666946;443;F;43298;LL;Åsbergby;L;L;S;A. hyperantus;0;2;
43298;6621461;666946;444;F;43298;LL;Åsbergby;L;L;S;A. hyperantus;0;2;
43298;6621461;666946;445;F;43298;LL;Åsbergby;L;L;W;A. hyperantus;1;1;
43298;6621461;666946;446;F;43298;LL;Åsbergby;L;L;S;A. hyperantus;0;2;
43298;6621461;666946;447;F;43298;LL;Åsbergby;L;L;S;A. hyperantus;0;2;
43298;6621461;666946;448;F;43298;LL;Åsbergby;L;L;S;A. hyperantus;0;2;
43298;6621461;666946;449;F;43298;LL;Åsbergby;L;L;N;A. hyperantus;0;2;
43299;6595543;615835;450;F;43299;HL;Tosterön;H;L;W;A. hyperantus;1;1;
43299;6595543;615835;451;F;43299;HL;Tosterön;H;L;E;A. hyperantus;0;3;
43299;6595543;615835;452;F;43299;HL;Tosterön;H;L;N;A. hyperantus;0;2;
43299;6595543;615835;453;F;43299;HL;Tosterön;H;L;S;A. hyperantus;0;2;
43299;6595543;615835;454;F;43299;HL;Tosterön;H;L;N;A. hyperantus;0;2;
43299;6595543;615835;455;F;43299;HL;Tosterön;H;L;N;A. hyperantus;0;2;
43299;6595543;615835;456;F;43299;HH;Aspö;H;H;S;A. hyperantus;0;2;
43299;6595543;615835;457;F;43299;HL;Tosterön;H;L;;A. hyperantus;;;Flög ej
43299;6595556;615746;458;F;43299;HL;Tosterön;H;L;E;A. hyperantus;0;3;
43299;6595556;615746;459;F;43299;HH;Aspö;H;H;N;A. hyperantus;0;2;
43299;6595556;615746;460;F;43299;HL;Tosterön;H;L;N;A. hyperantus;0;2;
43299;6595556;615746;461;F;43299;HL;Tosterön;H;L;N;A. hyperantus;0;2;
43299;6595556;615746;462;F;43299;HH;Aspö;H;H;N;A. hyperantus;0;2;
43299;6595556;615746;463;F;43299;HH;Aspö;H;H;W;A. hyperantus;1;1;
43299;6595556;615746;464;F;43299;HL;Tosterön;H;L;S;A. hyperantus;0;2;
43299;6595556;615746;465;F;43299;HH;Aspö;H;H;E;A. hyperantus;0;3;
43299;6595556;615746;466;F;43299;HH;Aspö;H;H;W;A. hyperantus;1;1;
43299;6595556;615746;467;F;43299;HH;Aspö;H;H;E;A. hyperantus;0;3;
43299;6595556;615746;468;F;43299;HH;Aspö;H;H;N;A. hyperantus;0;2;
43299;6595556;615746;469;M;43299;HH;Aspö;H;H;E;A. hyperantus;0;3;
43299;6595556;615746;470;F;43299;HH;Aspö;H;H;W;A. hyperantus;1;1;
43299;6595556;615746;471;F;43299;HH;Aspö;H;H;E;A. hyperantus;0;3;
43300;6595833;616574;472;F;43300;HL;Tosterön;H;L;S;A. hyperantus;0;2;
43300;6595833;616574;473;F;43300;HL;Tosterön;H;L;S;A. hyperantus;0;2;
43300;6595833;616574;474;F;43300;HL;Tosterön;H;L;S;A. hyperantus;0;2;
43300;6595833;616574;475;F;43300;HL;Tosterön;H;L;S;A. hyperantus;0;2;
43300;6595833;616574;476;F;43300;HL;Tosterön;H;L;N;A. hyperantus;0;2;
43300;6595833;616574;477;F;43300;HL;Tosterön;H;L;N;A. hyperantus;0;2;
43300;6595833;616574;478;F;43300;HL;Tosterön;H;L;E;A. hyperantus;0;3;
43300;6595833;616574;479;F;43300;HL;Tosterön;H;L;E;A. hyperantus;0;3;
43300;6595833;616574;480;F;43300;HH;Aspö;H;H;N;A. hyperantus;0;2;
43300;6595833;616574;481;F;43300;HH;Aspö;H;H;;A. hyperantus;;;
43300;6595833;616574;482;F;43300;HL;Tosterön;H;L;E;A. hyperantus;0;3;
43300;6595833;616574;483;F;43300;HH;Aspö;H;H;N;A. hyperantus;0;2;
43300;6595833;616574;484;F;43300;HL;Tosterön;H;L;W;A. hyperantus;1;1;
43300;6595833;616574;485;F;43300;HL;Tosterön;H;L;E;A. hyperantus;0;3;
43300;6595556;615746;486;F;43300;HL;Tosterön;H;L;E;A. hyperantus;0;3;
43300;6595556;615746;487;F;43300;HL;Tosterön;H;L;E;A. hyperantus;0;3;
43300;6595556;615746;488;F;43300;HL;Tosterön;H;L;W;A. hyperantus;1;1;
43300;6595556;615746;489;F;43300;HL;Tosterön;H;L;N;A. hyperantus;0;2;
43300;6595556;615746;490;F;43300;HH;Aspö;H;H;W;A. hyperantus;1;1;
43300;6595556;615746;491;F;43300;HH;Aspö;H;H;W;A. hyperantus;1;1;
43300;6595556;615746;492;F;43300;HH;Aspö;H;H;N;A. hyperantus;0;2;
43300;6595556;615746;493;F;43300;HH;Aspö;H;H;E;A. hyperantus;0;3;
43300;6595556;615746;494;F;43300;HH;Aspö;H;H;E;A. hyperantus;0;3;Stannade precis utanför rutan
43300;6595556;615746;495;F;43300;HH;Aspö;H;H;S;A. hyperantus;0;2;
43300;6595556;615746;496;F;43300;HH;Aspö;H;H;W;A. hyperantus;1;1;
43300;6595556;615746;497;M;43300;HH;Aspö;H;H;N;A. hyperantus;0;2;
43300;6595556;615746;498;F;43300;HH;Aspö;H;H;E;A. hyperantus;0;3;
43300;6595556;615746;499;F;43300;HH;Aspö;H;H;;A. hyperantus;;;Dog
43300;6595556;615746;500;F;43300;HH;Aspö;H;H;E;A. hyperantus;0;3;
43300;6595556;615746;501;F;43300;HH;Aspö;H;H;S;A. hyperantus;0;2;
43299;6624935;666253;600;F;43299;LL;Åsbergby;L;L;W;A. hyperantus;1;1;
43299;6624935;666253;601;F;43299;LL;Åsbergby;L;L;E;A. hyperantus;0;3;
43299;6624935;666253;602;F;43299;LL;Åsbergby;L;L;E;A. hyperantus;0;3;
43299;6624935;666253;603;F;43299;LH;Veda;L;H;E;A. hyperantus;0;2;
43299;6624935;666253;604;M;43299;LL;Åsbergby;L;L;S;A. hyperantus;0;2;
43299;6624935;666253;605;F;43299;LL;Åsbergby;L;L;N;A. hyperantus;0;2;
43299;6624935;666253;606;F;43299;LH;Veda;L;H;S;A. hyperantus;0;3;
43299;6624935;666253;607;F;43299;LL;Åsbergby;L;L;E;A. hyperantus;0;3;
43299;6624935;666253;608;F;43299;LL;Åsbergby;L;L;W;A. hyperantus;1;1;
43299;6624935;666253;609;F;43299;LL;Åsbergby;L;L;E;A. hyperantus;0;3;
43299;6624935;666253;610;M;43299;LH;Veda;L;H;S;A. hyperantus;0;3;
43299;6624935;666253;611;F;43299;LH;Veda;L;H;S;A. hyperantus;0;3;
43299;6624935;666253;612;F;43299;LL;Åsbergby;L;L;E;A. hyperantus;0;3;
43299;6624935;666253;613;F;43299;LH;Veda;L;H;N;A. hyperantus;1;1;
43299;6624935;666253;614;F;43299;LH;Veda;L;H;N;A. hyperantus;1;1;
43299;6624935;666253;615;F;43299;LL;Åsbergby;L;L;E;A. hyperantus;0;3;
43299;6624935;666253;616;F;43299;LL;Åsbergby;L;L;E;A. hyperantus;0;3;
43299;6624935;666253;617;F;43299;LL;Åsbergby;L;L;E;A. hyperantus;0;3;
43300;6624935;666253;618;F;43300;LH;Veda;L;H;W;A. hyperantus;0;2;
43300;6624935;666253;619;F;43300;LL;Åsbergby;L;L;W;A. hyperantus;1;1;
43300;6624935;666253;620;F;43300;LH;Veda;L;H;S;A. hyperantus;0;3;
43300;6624935;666253;621;F;43300;LL;Åsbergby;L;L;E;A. hyperantus;0;3;
43300;6624935;666253;622;F;43300;LL;Åsbergby;L;L;E;A. hyperantus;0;3;
43300;6624935;666253;623;F;43300;LH;Veda;L;H;S;A. hyperantus;0;3;
43300;6624935;666253;624;F;43300;LH;Veda;L;H;W;A. hyperantus;0;2;
43300;6624935;666253;625;F;43300;LL;Åsbergby;L;L;E;A. hyperantus;0;3;
43300;6624935;666253;626;F;43300;LL;Åsbergby;L;L;E;A. hyperantus;0;3;
43300;6624935;666253;627;F;43300;LL;Åsbergby;L;L;E;A. hyperantus;0;3;
43300;6624935;666253;628;M;43300;LH;Veda;L;H;S;A. hyperantus;0;3;
43300;6624935;666253;629;M;43300;LH;Veda;L;H;W;A. hyperantus;0;2;
43300;6624935;666253;630;F;43300;LH;Veda;L;H;S;A. hyperantus;0;3;
43300;6624935;666253;631;F;43300;LH;Veda;L;H;S;A. hyperantus;0;3;
43300;6624935;666253;632;M;43300;LH;Veda;L;H;S;A. hyperantus;0;3;
43300;6624935;666253;634;M;43300;LH;Veda;L;H;N;A. hyperantus;1;1;
43300;6624935;666253;635;F;43300;LL;Åsbergby;L;L;E;A. hyperantus;0;3;
43300;6624935;666253;636;F;43300;LL;Åsbergby;L;L;W;A. hyperantus;1;1;
43300;6624935;666253;637;F;43300;LH;Veda;L;H;S;A. hyperantus;0;3;
43300;6624935;666253;638;F;43300;LL;Åsbergby;L;L;E;A. hyperantus;0;3;
43300;6624935;666253;639;F;43300;LL;Åsbergby;L;L;S;A. hyperantus;0;2;
43300;6624935;666253;640;F;43300;LH;Veda;L;H;S;A. hyperantus;0;3;
43300;6624935;666253;641;M;43300;LL;Åsbergby;L;L;N;A. hyperantus;0;2;
43300;6624935;666253;642;F;43300;LH;Veda;L;H;W;A. hyperantus;0;2;
43300;6624935;666253;643;F;43300;LH;Veda;L;H;E;A. hyperantus;0;2;
43300;6624935;666253;644;M;43300;LL;Åsbergby;L;L;E;A. hyperantus;0;3;
43300;6624935;666253;645;M;43300;LL;Åsbergby;L;L;E;A. hyperantus;0;3;
43300;6622479;666948;646;F;43300;LL;Åsbergby;L;L;S;A. hyperantus;0;2;
43300;6622479;666948;647;M;43300;LH;Veda;L;H;S;A. hyperantus;0;3;
43300;6622479;666948;648;F;43300;LL;Åsbergby;L;L;E;A. hyperantus;0;3;
